Data As Of,Jurisdiction,Group,Subgroup,Year of Death,Month of Death,Time Period,Month Ending Date,Maternal Deaths,Footnote
10/08/2023,United States,By Total,Total,2019,1,12 month-ending,01/31/2019,660,
10/08/2023,United States,By Total,Total,2019,2,12 month-ending,02/28/2019,653,
10/08/2023,United States,By Total,Total,2019,3,12 month-ending,03/31/2019,657,
10/08/2023,United States,By Total,Total,2019,4,12 month-ending,04/30/2019,668,
10/08/2023,United States,By Total,Total,2019,5,12 month-ending,05/31/2019,706,
10/08/2023,United States,By Total,Total,2019,6,12 month-ending,06/30/2019,720,
10/08/2023,United States,By Total,Total,2019,7,12 month-ending,07/31/2019,721,
10/08/2023,United States,By Total,Total,2019,8,12 month-ending,08/31/2019,723,
10/08/2023,United States,By Total,Total,2019,9,12 month-ending,09/30/2019,729,
10/08/2023,United States,By Total,Total,2019,10,12 month-ending,10/31/2019,739,
10/08/2023,United States,By Total,Total,2019,11,12 month-ending,11/30/2019,752,
10/08/2023,United States,By Total,Total,2019,12,12 month-ending,12/31/2019,754,
10/08/2023,United States,By Total,Total,2020,1,12 month-ending,01/31/2020,740,
10/08/2023,United States,By Total,Total,2020,2,12 month-ending,02/29/2020,740,
10/08/2023,United States,By Total,Total,2020,3,12 month-ending,03/31/2020,751,
10/08/2023,United States,By Total,Total,2020,4,12 month-ending,04/30/2020,767,
10/08/2023,United States,By Total,Total,2020,5,12 month-ending,05/31/2020,763,
10/08/2023,United States,By Total,Total,2020,6,12 month-ending,06/30/2020,774,
10/08/2023,United States,By Total,Total,2020,7,12 month-ending,07/31/2020,793,
10/08/2023,United States,By Total,Total,2020,8,12 month-ending,08/31/2020,803,
10/08/2023,United States,By Total,Total,2020,9,12 month-ending,09/30/2020,831,
10/08/2023,United States,By Total,Total,2020,10,12 month-ending,10/31/2020,843,
10/08/2023,United States,By Total,Total,2020,11,12 month-ending,11/30/2020,837,
10/08/2023,United States,By Total,Total,2020,12,12 month-ending,12/31/2020,861,
10/08/2023,United States,By Total,Total,2021,1,12 month-ending,01/31/2021,893,
10/08/2023,United States,By Total,Total,2021,2,12 month-ending,02/28/2021,899,
10/08/2023,United States,By Total,Total,2021,3,12 month-ending,03/31/2021,894,
10/08/2023,United States,By Total,Total,2021,4,12 month-ending,04/30/2021,899,
10/08/2023,United States,By Total,Total,2021,5,12 month-ending,05/31/2021,911,
10/08/2023,United States,By Total,Total,2021,6,12 month-ending,06/30/2021,904,
10/08/2023,United States,By Total,Total,2021,7,12 month-ending,07/31/2021,908,
10/08/2023,United States,By Total,Total,2021,8,12 month-ending,08/31/2021,987,
10/08/2023,United States,By Total,Total,2021,9,12 month-ending,09/30/2021,1083,
10/08/2023,United States,By Total,Total,2021,10,12 month-ending,10/31/2021,1131,
10/08/2023,United States,By Total,Total,2021,11,12 month-ending,11/30/2021,1157,
10/08/2023,United States,By Total,Total,2021,12,12 month-ending,12/31/2021,1205,
10/08/2023,United States,By Total,Total,2022,1,12 month-ending,01/31/2022,1236,
10/08/2023,United States,By Total,Total,2022,2,12 month-ending,02/28/2022,1249,
10/08/2023,United States,By Total,Total,2022,3,12 month-ending,03/31/2022,1231,
10/08/2023,United States,By Total,Total,2022,4,12 month-ending,04/30/2022,1200,
10/08/2023,United States,By Total,Total,2022,5,12 month-ending,05/31/2022,1171,
10/08/2023,United States,By Total,Total,2022,6,12 month-ending,06/30/2022,1180,
10/08/2023,United States,By Total,Total,2022,7,12 month-ending,07/31/2022,1165,
10/08/2023,United States,By Total,Total,2022,8,12 month-ending,08/31/2022,1067,
10/08/2023,United States,By Total,Total,2022,9,12 month-ending,09/30/2022,943,
10/08/2023,United States,By Total,Total,2022,10,12 month-ending,10/31/2022,895,
10/08/2023,United States,By Total,Total,2022,11,12 month-ending,11/30/2022,871,
10/08/2023,United States,By Total,Total,2022,12,12 month-ending,12/31/2022,818,
10/08/2023,United States,By Total,Total,2023,1,12 month-ending,01/31/2023,771,
10/08/2023,United States,By Total,Total,2023,2,12 month-ending,02/28/2023,765,
10/08/2023,United States,By Total,Total,2023,3,12 month-ending,03/31/2023,777,
10/08/2023,United States,By Total,Total,2023,4,12 month-ending,04/30/2023,789,
10/08/2023,United States,By Total,Total,2023,5,12 month-ending,05/31/2023,769,
10/08/2023,United States,By Total,Total,2023,6,12 month-ending,06/30/2023,761,
10/08/2023,United States,By Age,Under 25 years,2019,1,12 month-ending,01/31/2019,98,
10/08/2023,United States,By Age,Under 25 years,2019,2,12 month-ending,02/28/2019,103,
10/08/2023,United States,By Age,Under 25 years,2019,3,12 month-ending,03/31/2019,101,
10/08/2023,United States,By Age,Under 25 years,2019,4,12 month-ending,04/30/2019,107,
10/08/2023,United States,By Age,Under 25 years,2019,5,12 month-ending,05/31/2019,113,
10/08/2023,United States,By Age,Under 25 years,2019,6,12 month-ending,06/30/2019,116,
10/08/2023,United States,By Age,Under 25 years,2019,7,12 month-ending,07/31/2019,117,
10/08/2023,United States,By Age,Under 25 years,2019,8,12 month-ending,08/31/2019,113,
10/08/2023,United States,By Age,Under 25 years,2019,9,12 month-ending,09/30/2019,117,
10/08/2023,United States,By Age,Under 25 years,2019,10,12 month-ending,10/31/2019,112,
10/08/2023,United States,By Age,Under 25 years,2019,11,12 month-ending,11/30/2019,112,
10/08/2023,United States,By Age,Under 25 years,2019,12,12 month-ending,12/31/2019,111,
10/08/2023,United States,By Age,Under 25 years,2020,1,12 month-ending,01/31/2020,113,
10/08/2023,United States,By Age,Under 25 years,2020,2,12 month-ending,02/29/2020,112,
10/08/2023,United States,By Age,Under 25 years,2020,3,12 month-ending,03/31/2020,112,
10/08/2023,United States,By Age,Under 25 years,2020,4,12 month-ending,04/30/2020,106,
10/08/2023,United States,By Age,Under 25 years,2020,5,12 month-ending,05/31/2020,109,
10/08/2023,United States,By Age,Under 25 years,2020,6,12 month-ending,06/30/2020,110,
10/08/2023,United States,By Age,Under 25 years,2020,7,12 month-ending,07/31/2020,103,
10/08/2023,United States,By Age,Under 25 years,2020,8,12 month-ending,08/31/2020,106,
10/08/2023,United States,By Age,Under 25 years,2020,9,12 month-ending,09/30/2020,105,
10/08/2023,United States,By Age,Under 25 years,2020,10,12 month-ending,10/31/2020,113,
10/08/2023,United States,By Age,Under 25 years,2020,11,12 month-ending,11/30/2020,109,
10/08/2023,United States,By Age,Under 25 years,2020,12,12 month-ending,12/31/2020,114,
10/08/2023,United States,By Age,Under 25 years,2021,1,12 month-ending,01/31/2021,111,
10/08/2023,United States,By Age,Under 25 years,2021,2,12 month-ending,02/28/2021,110,
10/08/2023,United States,By Age,Under 25 years,2021,3,12 month-ending,03/31/2021,116,
10/08/2023,United States,By Age,Under 25 years,2021,4,12 month-ending,04/30/2021,120,
10/08/2023,United States,By Age,Under 25 years,2021,5,12 month-ending,05/31/2021,118,
10/08/2023,United States,By Age,Under 25 years,2021,6,12 month-ending,06/30/2021,123,
10/08/2023,United States,By Age,Under 25 years,2021,7,12 month-ending,07/31/2021,124,
10/08/2023,United States,By Age,Under 25 years,2021,8,12 month-ending,08/31/2021,133,
10/08/2023,United States,By Age,Under 25 years,2021,9,12 month-ending,09/30/2021,142,
10/08/2023,United States,By Age,Under 25 years,2021,10,12 month-ending,10/31/2021,144,
10/08/2023,United States,By Age,Under 25 years,2021,11,12 month-ending,11/30/2021,154,
10/08/2023,United States,By Age,Under 25 years,2021,12,12 month-ending,12/31/2021,163,
10/08/2023,United States,By Age,Under 25 years,2022,1,12 month-ending,01/31/2022,168,
10/08/2023,United States,By Age,Under 25 years,2022,2,12 month-ending,02/28/2022,171,
10/08/2023,United States,By Age,Under 25 years,2022,3,12 month-ending,03/31/2022,165,
10/08/2023,United States,By Age,Under 25 years,2022,4,12 month-ending,04/30/2022,162,
10/08/2023,United States,By Age,Under 25 years,2022,5,12 month-ending,05/31/2022,158,
10/08/2023,United States,By Age,Under 25 years,2022,6,12 month-ending,06/30/2022,156,
10/08/2023,United States,By Age,Under 25 years,2022,7,12 month-ending,07/31/2022,160,
10/08/2023,United States,By Age,Under 25 years,2022,8,12 month-ending,08/31/2022,150,
10/08/2023,United States,By Age,Under 25 years,2022,9,12 month-ending,09/30/2022,139,
10/08/2023,United States,By Age,Under 25 years,2022,10,12 month-ending,10/31/2022,131,
10/08/2023,United States,By Age,Under 25 years,2022,11,12 month-ending,11/30/2022,123,
10/08/2023,United States,By Age,Under 25 years,2022,12,12 month-ending,12/31/2022,113,
10/08/2023,United States,By Age,Under 25 years,2023,1,12 month-ending,01/31/2023,106,
10/08/2023,United States,By Age,Under 25 years,2023,2,12 month-ending,02/28/2023,100,
10/08/2023,United States,By Age,Under 25 years,2023,3,12 month-ending,03/31/2023,104,
10/08/2023,United States,By Age,Under 25 years,2023,4,12 month-ending,04/30/2023,104,
10/08/2023,United States,By Age,Under 25 years,2023,5,12 month-ending,05/31/2023,102,
10/08/2023,United States,By Age,Under 25 years,2023,6,12 month-ending,06/30/2023,100,
10/08/2023,United States,By Age,25-39 years,2019,1,12 month-ending,01/31/2019,461,
10/08/2023,United States,By Age,25-39 years,2019,2,12 month-ending,02/28/2019,453,
10/08/2023,United States,By Age,25-39 years,2019,3,12 month-ending,03/31/2019,464,
10/08/2023,United States,By Age,25-39 years,2019,4,12 month-ending,04/30/2019,469,
10/08/2023,United States,By Age,25-39 years,2019,5,12 month-ending,05/31/2019,500,
10/08/2023,United States,By Age,25-39 years,2019,6,12 month-ending,06/30/2019,511,
10/08/2023,United States,By Age,25-39 years,2019,7,12 month-ending,07/31/2019,510,
10/08/2023,United States,By Age,25-39 years,2019,8,12 month-ending,08/31/2019,516,
10/08/2023,United States,By Age,25-39 years,2019,9,12 month-ending,09/30/2019,514,
10/08/2023,United States,By Age,25-39 years,2019,10,12 month-ending,10/31/2019,528,
10/08/2023,United States,By Age,25-39 years,2019,11,12 month-ending,11/30/2019,547,
10/08/2023,United States,By Age,25-39 years,2019,12,12 month-ending,12/31/2019,544,
10/08/2023,United States,By Age,25-39 years,2020,1,12 month-ending,01/31/2020,528,
10/08/2023,United States,By Age,25-39 years,2020,2,12 month-ending,02/29/2020,531,
10/08/2023,United States,By Age,25-39 years,2020,3,12 month-ending,03/31/2020,541,
10/08/2023,United States,By Age,25-39 years,2020,4,12 month-ending,04/30/2020,558,
10/08/2023,United States,By Age,25-39 years,2020,5,12 month-ending,05/31/2020,549,
10/08/2023,United States,By Age,25-39 years,2020,6,12 month-ending,06/30/2020,554,
10/08/2023,United States,By Age,25-39 years,2020,7,12 month-ending,07/31/2020,574,
10/08/2023,United States,By Age,25-39 years,2020,8,12 month-ending,08/31/2020,581,
10/08/2023,United States,By Age,25-39 years,2020,9,12 month-ending,09/30/2020,602,
10/08/2023,United States,By Age,25-39 years,2020,10,12 month-ending,10/31/2020,607,
10/08/2023,United States,By Age,25-39 years,2020,11,12 month-ending,11/30/2020,592,
10/08/2023,United States,By Age,25-39 years,2020,12,12 month-ending,12/31/2020,607,
10/08/2023,United States,By Age,25-39 years,2021,1,12 month-ending,01/31/2021,635,
10/08/2023,United States,By Age,25-39 years,2021,2,12 month-ending,02/28/2021,635,
10/08/2023,United States,By Age,25-39 years,2021,3,12 month-ending,03/31/2021,632,
10/08/2023,United States,By Age,25-39 years,2021,4,12 month-ending,04/30/2021,625,
10/08/2023,United States,By Age,25-39 years,2021,5,12 month-ending,05/31/2021,633,
10/08/2023,United States,By Age,25-39 years,2021,6,12 month-ending,06/30/2021,625,
10/08/2023,United States,By Age,25-39 years,2021,7,12 month-ending,07/31/2021,628,
10/08/2023,United States,By Age,25-39 years,2021,8,12 month-ending,08/31/2021,686,
10/08/2023,United States,By Age,25-39 years,2021,9,12 month-ending,09/30/2021,763,
10/08/2023,United States,By Age,25-39 years,2021,10,12 month-ending,10/31/2021,800,
10/08/2023,United States,By Age,25-39 years,2021,11,12 month-ending,11/30/2021,822,
10/08/2023,United States,By Age,25-39 years,2021,12,12 month-ending,12/31/2021,854,
10/08/2023,United States,By Age,25-39 years,2022,1,12 month-ending,01/31/2022,877,
10/08/2023,United States,By Age,25-39 years,2022,2,12 month-ending,02/28/2022,886,
10/08/2023,United States,By Age,25-39 years,2022,3,12 month-ending,03/31/2022,871,
10/08/2023,United States,By Age,25-39 years,2022,4,12 month-ending,04/30/2022,856,
10/08/2023,United States,By Age,25-39 years,2022,5,12 month-ending,05/31/2022,835,
10/08/2023,United States,By Age,25-39 years,2022,6,12 month-ending,06/30/2022,842,
10/08/2023,United States,By Age,25-39 years,2022,7,12 month-ending,07/31/2022,823,
10/08/2023,United States,By Age,25-39 years,2022,8,12 month-ending,08/31/2022,750,
10/08/2023,United States,By Age,25-39 years,2022,9,12 month-ending,09/30/2022,651,
10/08/2023,United States,By Age,25-39 years,2022,10,12 month-ending,10/31/2022,617,
10/08/2023,United States,By Age,25-39 years,2022,11,12 month-ending,11/30/2022,608,
10/08/2023,United States,By Age,25-39 years,2022,12,12 month-ending,12/31/2022,579,
10/08/2023,United States,By Age,25-39 years,2023,1,12 month-ending,01/31/2023,549,
10/08/2023,United States,By Age,25-39 years,2023,2,12 month-ending,02/28/2023,549,
10/08/2023,United States,By Age,25-39 years,2023,3,12 month-ending,03/31/2023,558,
10/08/2023,United States,By Age,25-39 years,2023,4,12 month-ending,04/30/2023,570,
10/08/2023,United States,By Age,25-39 years,2023,5,12 month-ending,05/31/2023,557,
10/08/2023,United States,By Age,25-39 years,2023,6,12 month-ending,06/30/2023,553,
10/08/2023,United States,By Age,40 years and over,2019,1,12 month-ending,01/31/2019,101,
10/08/2023,United States,By Age,40 years and over,2019,2,12 month-ending,02/28/2019,97,
10/08/2023,United States,By Age,40 years and over,2019,3,12 month-ending,03/31/2019,92,
10/08/2023,United States,By Age,40 years and over,2019,4,12 month-ending,04/30/2019,92,
10/08/2023,United States,By Age,40 years and over,2019,5,12 month-ending,05/31/2019,93,
10/08/2023,United States,By Age,40 years and over,2019,6,12 month-ending,06/30/2019,93,
10/08/2023,United States,By Age,40 years and over,2019,7,12 month-ending,07/31/2019,93,
10/08/2023,United States,By Age,40 years and over,2019,8,12 month-ending,08/31/2019,93,
10/08/2023,United States,By Age,40 years and over,2019,9,12 month-ending,09/30/2019,97,
10/08/2023,United States,By Age,40 years and over,2019,10,12 month-ending,10/31/2019,98,
10/08/2023,United States,By Age,40 years and over,2019,11,12 month-ending,11/30/2019,92,
10/08/2023,United States,By Age,40 years and over,2019,12,12 month-ending,12/31/2019,98,
10/08/2023,United States,By Age,40 years and over,2020,1,12 month-ending,01/31/2020,98,
10/08/2023,United States,By Age,40 years and over,2020,2,12 month-ending,02/29/2020,96,
10/08/2023,United States,By Age,40 years and over,2020,3,12 month-ending,03/31/2020,97,
10/08/2023,United States,By Age,40 years and over,2020,4,12 month-ending,04/30/2020,102,
10/08/2023,United States,By Age,40 years and over,2020,5,12 month-ending,05/31/2020,104,
10/08/2023,United States,By Age,40 years and over,2020,6,12 month-ending,06/30/2020,109,
10/08/2023,United States,By Age,40 years and over,2020,7,12 month-ending,07/31/2020,116,
10/08/2023,United States,By Age,40 years and over,2020,8,12 month-ending,08/31/2020,116,
10/08/2023,United States,By Age,40 years and over,2020,9,12 month-ending,09/30/2020,124,
10/08/2023,United States,By Age,40 years and over,2020,10,12 month-ending,10/31/2020,123,
10/08/2023,United States,By Age,40 years and over,2020,11,12 month-ending,11/30/2020,136,
10/08/2023,United States,By Age,40 years and over,2020,12,12 month-ending,12/31/2020,140,
10/08/2023,United States,By Age,40 years and over,2021,1,12 month-ending,01/31/2021,147,
10/08/2023,United States,By Age,40 years and over,2021,2,12 month-ending,02/28/2021,154,
10/08/2023,United States,By Age,40 years and over,2021,3,12 month-ending,03/31/2021,146,
10/08/2023,United States,By Age,40 years and over,2021,4,12 month-ending,04/30/2021,154,
10/08/2023,United States,By Age,40 years and over,2021,5,12 month-ending,05/31/2021,160,
10/08/2023,United States,By Age,40 years and over,2021,6,12 month-ending,06/30/2021,156,
10/08/2023,United States,By Age,40 years and over,2021,7,12 month-ending,07/31/2021,156,
10/08/2023,United States,By Age,40 years and over,2021,8,12 month-ending,08/31/2021,168,
10/08/2023,United States,By Age,40 years and over,2021,9,12 month-ending,09/30/2021,178,
10/08/2023,United States,By Age,40 years and over,2021,10,12 month-ending,10/31/2021,187,
10/08/2023,United States,By Age,40 years and over,2021,11,12 month-ending,11/30/2021,181,
10/08/2023,United States,By Age,40 years and over,2021,12,12 month-ending,12/31/2021,188,
10/08/2023,United States,By Age,40 years and over,2022,1,12 month-ending,01/31/2022,191,
10/08/2023,United States,By Age,40 years and over,2022,2,12 month-ending,02/28/2022,192,
10/08/2023,United States,By Age,40 years and over,2022,3,12 month-ending,03/31/2022,195,
10/08/2023,United States,By Age,40 years and over,2022,4,12 month-ending,04/30/2022,182,
10/08/2023,United States,By Age,40 years and over,2022,5,12 month-ending,05/31/2022,178,
10/08/2023,United States,By Age,40 years and over,2022,6,12 month-ending,06/30/2022,182,
10/08/2023,United States,By Age,40 years and over,2022,7,12 month-ending,07/31/2022,182,
10/08/2023,United States,By Age,40 years and over,2022,8,12 month-ending,08/31/2022,167,
10/08/2023,United States,By Age,40 years and over,2022,9,12 month-ending,09/30/2022,153,
10/08/2023,United States,By Age,40 years and over,2022,10,12 month-ending,10/31/2022,147,
10/08/2023,United States,By Age,40 years and over,2022,11,12 month-ending,11/30/2022,140,
10/08/2023,United States,By Age,40 years and over,2022,12,12 month-ending,12/31/2022,126,
10/08/2023,United States,By Age,40 years and over,2023,1,12 month-ending,01/31/2023,116,
10/08/2023,United States,By Age,40 years and over,2023,2,12 month-ending,02/28/2023,116,
10/08/2023,United States,By Age,40 years and over,2023,3,12 month-ending,03/31/2023,115,
10/08/2023,United States,By Age,40 years and over,2023,4,12 month-ending,04/30/2023,115,
10/08/2023,United States,By Age,40 years and over,2023,5,12 month-ending,05/31/2023,110,
10/08/2023,United States,By Age,40 years and over,2023,6,12 month-ending,06/30/2023,108,
10/08/2023,United States,By Race and Hispanic origin,Hispanic,2019,1,12 month-ending,01/31/2019,90,
10/08/2023,United States,By Race and Hispanic origin,Hispanic,2019,2,12 month-ending,02/28/2019,90,
10/08/2023,United States,By Race and Hispanic origin,Hispanic,2019,3,12 month-ending,03/31/2019,89,
10/08/2023,United States,By Race and Hispanic origin,Hispanic,2019,4,12 month-ending,04/30/2019,96,
10/08/2023,United States,By Race and Hispanic origin,Hispanic,2019,5,12 month-ending,05/31/2019,103,
10/08/2023,United States,By Race and Hispanic origin,Hispanic,2019,6,12 month-ending,06/30/2019,105,
10/08/2023,United States,By Race and Hispanic origin,Hispanic,2019,7,12 month-ending,07/31/2019,100,
10/08/2023,United States,By Race and Hispanic origin,Hispanic,2019,8,12 month-ending,08/31/2019,100,
10/08/2023,United States,By Race and Hispanic origin,Hispanic,2019,9,12 month-ending,09/30/2019,96,
10/08/2023,United States,By Race and Hispanic origin,Hispanic,2019,10,12 month-ending,10/31/2019,103,
10/08/2023,United States,By Race and Hispanic origin,Hispanic,2019,11,12 month-ending,11/30/2019,109,
10/08/2023,United States,By Race and Hispanic origin,Hispanic,2019,12,12 month-ending,12/31/2019,112,
10/08/2023,United States,By Race and Hispanic origin,Hispanic,2020,1,12 month-ending,01/31/2020,110,
10/08/2023,United States,By Race and Hispanic origin,Hispanic,2020,2,12 month-ending,02/29/2020,114,
10/08/2023,United States,By Race and Hispanic origin,Hispanic,2020,3,12 month-ending,03/31/2020,115,
10/08/2023,United States,By Race and Hispanic origin,Hispanic,2020,4,12 month-ending,04/30/2020,120,
10/08/2023,United States,By Race and Hispanic origin,Hispanic,2020,5,12 month-ending,05/31/2020,118,
10/08/2023,United States,By Race and Hispanic origin,Hispanic,2020,6,12 month-ending,06/30/2020,123,
10/08/2023,United States,By Race and Hispanic origin,Hispanic,2020,7,12 month-ending,07/31/2020,136,
10/08/2023,United States,By Race and Hispanic origin,Hispanic,2020,8,12 month-ending,08/31/2020,142,
10/08/2023,United States,By Race and Hispanic origin,Hispanic,2020,9,12 month-ending,09/30/2020,148,
10/08/2023,United States,By Race and Hispanic origin,Hispanic,2020,10,12 month-ending,10/31/2020,153,
10/08/2023,United States,By Race and Hispanic origin,Hispanic,2020,11,12 month-ending,11/30/2020,150,
10/08/2023,United States,By Race and Hispanic origin,Hispanic,2020,12,12 month-ending,12/31/2020,158,
10/08/2023,United States,By Race and Hispanic origin,Hispanic,2021,1,12 month-ending,01/31/2021,177,
10/08/2023,United States,By Race and Hispanic origin,Hispanic,2021,2,12 month-ending,02/28/2021,180,
10/08/2023,United States,By Race and Hispanic origin,Hispanic,2021,3,12 month-ending,03/31/2021,186,
10/08/2023,United States,By Race and Hispanic origin,Hispanic,2021,4,12 month-ending,04/30/2021,179,
10/08/2023,United States,By Race and Hispanic origin,Hispanic,2021,5,12 month-ending,05/31/2021,179,
10/08/2023,United States,By Race and Hispanic origin,Hispanic,2021,6,12 month-ending,06/30/2021,174,
10/08/2023,United States,By Race and Hispanic origin,Hispanic,2021,7,12 month-ending,07/31/2021,172,
10/08/2023,United States,By Race and Hispanic origin,Hispanic,2021,8,12 month-ending,08/31/2021,191,
10/08/2023,United States,By Race and Hispanic origin,Hispanic,2021,9,12 month-ending,09/30/2021,216,
10/08/2023,United States,By Race and Hispanic origin,Hispanic,2021,10,12 month-ending,10/31/2021,230,
10/08/2023,United States,By Race and Hispanic origin,Hispanic,2021,11,12 month-ending,11/30/2021,250,
10/08/2023,United States,By Race and Hispanic origin,Hispanic,2021,12,12 month-ending,12/31/2021,248,
10/08/2023,United States,By Race and Hispanic origin,Hispanic,2022,1,12 month-ending,01/31/2022,251,
10/08/2023,United States,By Race and Hispanic origin,Hispanic,2022,2,12 month-ending,02/28/2022,248,
10/08/2023,United States,By Race and Hispanic origin,Hispanic,2022,3,12 month-ending,03/31/2022,244,
10/08/2023,United States,By Race and Hispanic origin,Hispanic,2022,4,12 month-ending,04/30/2022,241,
10/08/2023,United States,By Race and Hispanic origin,Hispanic,2022,5,12 month-ending,05/31/2022,239,
10/08/2023,United States,By Race and Hispanic origin,Hispanic,2022,6,12 month-ending,06/30/2022,244,
10/08/2023,United States,By Race and Hispanic origin,Hispanic,2022,7,12 month-ending,07/31/2022,239,
10/08/2023,United States,By Race and Hispanic origin,Hispanic,2022,8,12 month-ending,08/31/2022,215,
10/08/2023,United States,By Race and Hispanic origin,Hispanic,2022,9,12 month-ending,09/30/2022,184,
10/08/2023,United States,By Race and Hispanic origin,Hispanic,2022,10,12 month-ending,10/31/2022,168,
10/08/2023,United States,By Race and Hispanic origin,Hispanic,2022,11,12 month-ending,11/30/2022,155,
10/08/2023,United States,By Race and Hispanic origin,Hispanic,2022,12,12 month-ending,12/31/2022,158,
10/08/2023,United States,By Race and Hispanic origin,Hispanic,2023,1,12 month-ending,01/31/2023,145,
10/08/2023,United States,By Race and Hispanic origin,Hispanic,2023,2,12 month-ending,02/28/2023,143,
10/08/2023,United States,By Race and Hispanic origin,Hispanic,2023,3,12 month-ending,03/31/2023,140,
10/08/2023,United States,By Race and Hispanic origin,Hispanic,2023,4,12 month-ending,04/30/2023,144,
10/08/2023,United States,By Race and Hispanic origin,Hispanic,2023,5,12 month-ending,05/31/2023,136,
10/08/2023,United States,By Race and Hispanic origin,Hispanic,2023,6,12 month-ending,06/30/2023,131,
10/08/2023,United States,By Race and Hispanic origin,Non-Hispanic American Indian or Alaska Native,2019,1,12 month-ending,01/31/2019,,Data counts between 1-9 have been suppressed in accordance with NCHS confidentiality standards.
10/08/2023,United States,By Race and Hispanic origin,Non-Hispanic American Indian or Alaska Native,2019,2,12 month-ending,02/28/2019,,Data counts between 1-9 have been suppressed in accordance with NCHS confidentiality standards.
10/08/2023,United States,By Race and Hispanic origin,Non-Hispanic American Indian or Alaska Native,2019,3,12 month-ending,03/31/2019,,Data counts between 1-9 have been suppressed in accordance with NCHS confidentiality standards.
10/08/2023,United States,By Race and Hispanic origin,Non-Hispanic American Indian or Alaska Native,2019,4,12 month-ending,04/30/2019,,Data counts between 1-9 have been suppressed in accordance with NCHS confidentiality standards.
10/08/2023,United States,By Race and Hispanic origin,Non-Hispanic American Indian or Alaska Native,2019,5,12 month-ending,05/31/2019,12,
10/08/2023,United States,By Race and Hispanic origin,Non-Hispanic American Indian or Alaska Native,2019,6,12 month-ending,06/30/2019,11,
10/08/2023,United States,By Race and Hispanic origin,Non-Hispanic American Indian or Alaska Native,2019,7,12 month-ending,07/31/2019,12,
10/08/2023,United States,By Race and Hispanic origin,Non-Hispanic American Indian or Alaska Native,2019,8,12 month-ending,08/31/2019,14,
10/08/2023,United States,By Race and Hispanic origin,Non-Hispanic American Indian or Alaska Native,2019,9,12 month-ending,09/30/2019,16,
10/08/2023,United States,By Race and Hispanic origin,Non-Hispanic American Indian or Alaska Native,2019,10,12 month-ending,10/31/2019,15,
10/08/2023,United States,By Race and Hispanic origin,Non-Hispanic American Indian or Alaska Native,2019,11,12 month-ending,11/30/2019,14,
10/08/2023,United States,By Race and Hispanic origin,Non-Hispanic American Indian or Alaska Native,2019,12,12 month-ending,12/31/2019,14,
10/08/2023,United States,By Race and Hispanic origin,Non-Hispanic American Indian or Alaska Native,2020,1,12 month-ending,01/31/2020,14,
10/08/2023,United States,By Race and Hispanic origin,Non-Hispanic American Indian or Alaska Native,2020,2,12 month-ending,02/29/2020,14,
10/08/2023,United States,By Race and Hispanic origin,Non-Hispanic American Indian or Alaska Native,2020,3,12 month-ending,03/31/2020,15,
10/08/2023,United States,By Race and Hispanic origin,Non-Hispanic American Indian or Alaska Native,2020,4,12 month-ending,04/30/2020,16,
10/08/2023,United States,By Race and Hispanic origin,Non-Hispanic American Indian or Alaska Native,2020,5,12 month-ending,05/31/2020,13,
10/08/2023,United States,By Race and Hispanic origin,Non-Hispanic American Indian or Alaska Native,2020,6,12 month-ending,06/30/2020,15,
10/08/2023,United States,By Race and Hispanic origin,Non-Hispanic American Indian or Alaska Native,2020,7,12 month-ending,07/31/2020,15,
10/08/2023,United States,By Race and Hispanic origin,Non-Hispanic American Indian or Alaska Native,2020,8,12 month-ending,08/31/2020,13,
10/08/2023,United States,By Race and Hispanic origin,Non-Hispanic American Indian or Alaska Native,2020,9,12 month-ending,09/30/2020,12,
10/08/2023,United States,By Race and Hispanic origin,Non-Hispanic American Indian or Alaska Native,2020,10,12 month-ending,10/31/2020,12,
10/08/2023,United States,By Race and Hispanic origin,Non-Hispanic American Indian or Alaska Native,2020,11,12 month-ending,11/30/2020,13,
10/08/2023,United States,By Race and Hispanic origin,Non-Hispanic American Indian or Alaska Native,2020,12,12 month-ending,12/31/2020,13,
10/08/2023,United States,By Race and Hispanic origin,Non-Hispanic American Indian or Alaska Native,2021,1,12 month-ending,01/31/2021,17,
10/08/2023,United States,By Race and Hispanic origin,Non-Hispanic American Indian or Alaska Native,2021,2,12 month-ending,02/28/2021,18,
10/08/2023,United States,By Race and Hispanic origin,Non-Hispanic American Indian or Alaska Native,2021,3,12 month-ending,03/31/2021,17,
10/08/2023,United States,By Race and Hispanic origin,Non-Hispanic American Indian or Alaska Native,2021,4,12 month-ending,04/30/2021,16,
10/08/2023,United States,By Race and Hispanic origin,Non-Hispanic American Indian or Alaska Native,2021,5,12 month-ending,05/31/2021,19,
10/08/2023,United States,By Race and Hispanic origin,Non-Hispanic American Indian or Alaska Native,2021,6,12 month-ending,06/30/2021,18,
10/08/2023,United States,By Race and Hispanic origin,Non-Hispanic American Indian or Alaska Native,2021,7,12 month-ending,07/31/2021,21,
10/08/2023,United States,By Race and Hispanic origin,Non-Hispanic American Indian or Alaska Native,2021,8,12 month-ending,08/31/2021,24,
10/08/2023,United States,By Race and Hispanic origin,Non-Hispanic American Indian or Alaska Native,2021,9,12 month-ending,09/30/2021,25,
10/08/2023,United States,By Race and Hispanic origin,Non-Hispanic American Indian or Alaska Native,2021,10,12 month-ending,10/31/2021,24,
10/08/2023,United States,By Race and Hispanic origin,Non-Hispanic American Indian or Alaska Native,2021,11,12 month-ending,11/30/2021,25,
10/08/2023,United States,By Race and Hispanic origin,Non-Hispanic American Indian or Alaska Native,2021,12,12 month-ending,12/31/2021,31,
10/08/2023,United States,By Race and Hispanic origin,Non-Hispanic American Indian or Alaska Native,2022,1,12 month-ending,01/31/2022,29,
10/08/2023,United States,By Race and Hispanic origin,Non-Hispanic American Indian or Alaska Native,2022,2,12 month-ending,02/28/2022,27,
10/08/2023,United States,By Race and Hispanic origin,Non-Hispanic American Indian or Alaska Native,2022,3,12 month-ending,03/31/2022,26,
10/08/2023,United States,By Race and Hispanic origin,Non-Hispanic American Indian or Alaska Native,2022,4,12 month-ending,04/30/2022,26,
10/08/2023,United States,By Race and Hispanic origin,Non-Hispanic American Indian or Alaska Native,2022,5,12 month-ending,05/31/2022,24,
10/08/2023,United States,By Race and Hispanic origin,Non-Hispanic American Indian or Alaska Native,2022,6,12 month-ending,06/30/2022,24,
10/08/2023,United States,By Race and Hispanic origin,Non-Hispanic American Indian or Alaska Native,2022,7,12 month-ending,07/31/2022,23,
10/08/2023,United States,By Race and Hispanic origin,Non-Hispanic American Indian or Alaska Native,2022,8,12 month-ending,08/31/2022,20,
10/08/2023,United States,By Race and Hispanic origin,Non-Hispanic American Indian or Alaska Native,2022,9,12 month-ending,09/30/2022,19,
10/08/2023,United States,By Race and Hispanic origin,Non-Hispanic American Indian or Alaska Native,2022,10,12 month-ending,10/31/2022,19,
10/08/2023,United States,By Race and Hispanic origin,Non-Hispanic American Indian or Alaska Native,2022,11,12 month-ending,11/30/2022,17,
10/08/2023,United States,By Race and Hispanic origin,Non-Hispanic American Indian or Alaska Native,2022,12,12 month-ending,12/31/2022,12,
10/08/2023,United States,By Race and Hispanic origin,Non-Hispanic American Indian or Alaska Native,2023,1,12 month-ending,01/31/2023,10,
10/08/2023,United States,By Race and Hispanic origin,Non-Hispanic American Indian or Alaska Native,2023,2,12 month-ending,02/28/2023,10,
10/08/2023,United States,By Race and Hispanic origin,Non-Hispanic American Indian or Alaska Native,2023,3,12 month-ending,03/31/2023,13,
10/08/2023,United States,By Race and Hispanic origin,Non-Hispanic American Indian or Alaska Native,2023,4,12 month-ending,04/30/2023,13,
10/08/2023,United States,By Race and Hispanic origin,Non-Hispanic American Indian or Alaska Native,2023,5,12 month-ending,05/31/2023,12,
10/08/2023,United States,By Race and Hispanic origin,Non-Hispanic American Indian or Alaska Native,2023,6,12 month-ending,06/30/2023,13,
10/08/2023,United States,By Race and Hispanic origin,Non-Hispanic Asian,2019,1,12 month-ending,01/31/2019,33,
10/08/2023,United States,By Race and Hispanic origin,Non-Hispanic Asian,2019,2,12 month-ending,02/28/2019,30,
10/08/2023,United States,By Race and Hispanic origin,Non-Hispanic Asian,2019,3,12 month-ending,03/31/2019,30,
10/08/2023,United States,By Race and Hispanic origin,Non-Hispanic Asian,2019,4,12 month-ending,04/30/2019,33,
10/08/2023,United States,By Race and Hispanic origin,Non-Hispanic Asian,2019,5,12 month-ending,05/31/2019,33,
10/08/2023,United States,By Race and Hispanic origin,Non-Hispanic Asian,2019,6,12 month-ending,06/30/2019,36,
10/08/2023,United States,By Race and Hispanic origin,Non-Hispanic Asian,2019,7,12 month-ending,07/31/2019,42,
10/08/2023,United States,By Race and Hispanic origin,Non-Hispanic Asian,2019,8,12 month-ending,08/31/2019,40,
10/08/2023,United States,By Race and Hispanic origin,Non-Hispanic Asian,2019,9,12 month-ending,09/30/2019,37,
10/08/2023,United States,By Race and Hispanic origin,Non-Hispanic Asian,2019,10,12 month-ending,10/31/2019,39,
10/08/2023,United States,By Race and Hispanic origin,Non-Hispanic Asian,2019,11,12 month-ending,11/30/2019,36,
10/08/2023,United States,By Race and Hispanic origin,Non-Hispanic Asian,2019,12,12 month-ending,12/31/2019,33,
10/08/2023,United States,By Race and Hispanic origin,Non-Hispanic Asian,2020,1,12 month-ending,01/31/2020,32,
10/08/2023,United States,By Race and Hispanic origin,Non-Hispanic Asian,2020,2,12 month-ending,02/29/2020,30,
10/08/2023,United States,By Race and Hispanic origin,Non-Hispanic Asian,2020,3,12 month-ending,03/31/2020,27,
10/08/2023,United States,By Race and Hispanic origin,Non-Hispanic Asian,2020,4,12 month-ending,04/30/2020,25,
10/08/2023,United States,By Race and Hispanic origin,Non-Hispanic Asian,2020,5,12 month-ending,05/31/2020,30,
10/08/2023,United States,By Race and Hispanic origin,Non-Hispanic Asian,2020,6,12 month-ending,06/30/2020,30,
10/08/2023,United States,By Race and Hispanic origin,Non-Hispanic Asian,2020,7,12 month-ending,07/31/2020,26,
10/08/2023,United States,By Race and Hispanic origin,Non-Hispanic Asian,2020,8,12 month-ending,08/31/2020,27,
10/08/2023,United States,By Race and Hispanic origin,Non-Hispanic Asian,2020,9,12 month-ending,09/30/2020,28,
10/08/2023,United States,By Race and Hispanic origin,Non-Hispanic Asian,2020,10,12 month-ending,10/31/2020,28,
10/08/2023,United States,By Race and Hispanic origin,Non-Hispanic Asian,2020,11,12 month-ending,11/30/2020,29,
10/08/2023,United States,By Race and Hispanic origin,Non-Hispanic Asian,2020,12,12 month-ending,12/31/2020,27,
10/08/2023,United States,By Race and Hispanic origin,Non-Hispanic Asian,2021,1,12 month-ending,01/31/2021,29,
10/08/2023,United States,By Race and Hispanic origin,Non-Hispanic Asian,2021,2,12 month-ending,02/28/2021,30,
10/08/2023,United States,By Race and Hispanic origin,Non-Hispanic Asian,2021,3,12 month-ending,03/31/2021,31,
10/08/2023,United States,By Race and Hispanic origin,Non-Hispanic Asian,2021,4,12 month-ending,04/30/2021,30,
10/08/2023,United States,By Race and Hispanic origin,Non-Hispanic Asian,2021,5,12 month-ending,05/31/2021,28,
10/08/2023,United States,By Race and Hispanic origin,Non-Hispanic Asian,2021,6,12 month-ending,06/30/2021,27,
10/08/2023,United States,By Race and Hispanic origin,Non-Hispanic Asian,2021,7,12 month-ending,07/31/2021,25,
10/08/2023,United States,By Race and Hispanic origin,Non-Hispanic Asian,2021,8,12 month-ending,08/31/2021,28,
10/08/2023,United States,By Race and Hispanic origin,Non-Hispanic Asian,2021,9,12 month-ending,09/30/2021,30,
10/08/2023,United States,By Race and Hispanic origin,Non-Hispanic Asian,2021,10,12 month-ending,10/31/2021,30,
10/08/2023,United States,By Race and Hispanic origin,Non-Hispanic Asian,2021,11,12 month-ending,11/30/2021,28,
10/08/2023,United States,By Race and Hispanic origin,Non-Hispanic Asian,2021,12,12 month-ending,12/31/2021,36,
10/08/2023,United States,By Race and Hispanic origin,Non-Hispanic Asian,2022,1,12 month-ending,01/31/2022,41,
10/08/2023,United States,By Race and Hispanic origin,Non-Hispanic Asian,2022,2,12 month-ending,02/28/2022,42,
10/08/2023,United States,By Race and Hispanic origin,Non-Hispanic Asian,2022,3,12 month-ending,03/31/2022,43,
10/08/2023,United States,By Race and Hispanic origin,Non-Hispanic Asian,2022,4,12 month-ending,04/30/2022,43,
10/08/2023,United States,By Race and Hispanic origin,Non-Hispanic Asian,2022,5,12 month-ending,05/31/2022,42,
10/08/2023,United States,By Race and Hispanic origin,Non-Hispanic Asian,2022,6,12 month-ending,06/30/2022,39,
10/08/2023,United States,By Race and Hispanic origin,Non-Hispanic Asian,2022,7,12 month-ending,07/31/2022,39,
10/08/2023,United States,By Race and Hispanic origin,Non-Hispanic Asian,2022,8,12 month-ending,08/31/2022,36,
10/08/2023,United States,By Race and Hispanic origin,Non-Hispanic Asian,2022,9,12 month-ending,09/30/2022,34,
10/08/2023,United States,By Race and Hispanic origin,Non-Hispanic Asian,2022,10,12 month-ending,10/31/2022,34,
10/08/2023,United States,By Race and Hispanic origin,Non-Hispanic Asian,2022,11,12 month-ending,11/30/2022,35,
10/08/2023,United States,By Race and Hispanic origin,Non-Hispanic Asian,2022,12,12 month-ending,12/31/2022,29,
10/08/2023,United States,By Race and Hispanic origin,Non-Hispanic Asian,2023,1,12 month-ending,01/31/2023,23,
10/08/2023,United States,By Race and Hispanic origin,Non-Hispanic Asian,2023,2,12 month-ending,02/28/2023,22,
10/08/2023,United States,By Race and Hispanic origin,Non-Hispanic Asian,2023,3,12 month-ending,03/31/2023,20,
10/08/2023,United States,By Race and Hispanic origin,Non-Hispanic Asian,2023,4,12 month-ending,04/30/2023,23,
10/08/2023,United States,By Race and Hispanic origin,Non-Hispanic Asian,2023,5,12 month-ending,05/31/2023,21,
10/08/2023,United States,By Race and Hispanic origin,Non-Hispanic Asian,2023,6,12 month-ending,06/30/2023,22,
10/08/2023,United States,By Race and Hispanic origin,Non-Hispanic Black,2019,1,12 month-ending,01/31/2019,221,
10/08/2023,United States,By Race and Hispanic origin,Non-Hispanic Black,2019,2,12 month-ending,02/28/2019,221,
10/08/2023,United States,By Race and Hispanic origin,Non-Hispanic Black,2019,3,12 month-ending,03/31/2019,216,
10/08/2023,United States,By Race and Hispanic origin,Non-Hispanic Black,2019,4,12 month-ending,04/30/2019,210,
10/08/2023,United States,By Race and Hispanic origin,Non-Hispanic Black,2019,5,12 month-ending,05/31/2019,216,
10/08/2023,United States,By Race and Hispanic origin,Non-Hispanic Black,2019,6,12 month-ending,06/30/2019,224,
10/08/2023,United States,By Race and Hispanic origin,Non-Hispanic Black,2019,7,12 month-ending,07/31/2019,224,
10/08/2023,United States,By Race and Hispanic origin,Non-Hispanic Black,2019,8,12 month-ending,08/31/2019,232,
10/08/2023,United States,By Race and Hispanic origin,Non-Hispanic Black,2019,9,12 month-ending,09/30/2019,236,
10/08/2023,United States,By Race and Hispanic origin,Non-Hispanic Black,2019,10,12 month-ending,10/31/2019,235,
10/08/2023,United States,By Race and Hispanic origin,Non-Hispanic Black,2019,11,12 month-ending,11/30/2019,241,
10/08/2023,United States,By Race and Hispanic origin,Non-Hispanic Black,2019,12,12 month-ending,12/31/2019,241,
10/08/2023,United States,By Race and Hispanic origin,Non-Hispanic Black,2020,1,12 month-ending,01/31/2020,233,
10/08/2023,United States,By Race and Hispanic origin,Non-Hispanic Black,2020,2,12 month-ending,02/29/2020,229,
10/08/2023,United States,By Race and Hispanic origin,Non-Hispanic Black,2020,3,12 month-ending,03/31/2020,243,
10/08/2023,United States,By Race and Hispanic origin,Non-Hispanic Black,2020,4,12 month-ending,04/30/2020,262,
10/08/2023,United States,By Race and Hispanic origin,Non-Hispanic Black,2020,5,12 month-ending,05/31/2020,266,
10/08/2023,United States,By Race and Hispanic origin,Non-Hispanic Black,2020,6,12 month-ending,06/30/2020,264,
10/08/2023,United States,By Race and Hispanic origin,Non-Hispanic Black,2020,7,12 month-ending,07/31/2020,267,
10/08/2023,United States,By Race and Hispanic origin,Non-Hispanic Black,2020,8,12 month-ending,08/31/2020,262,
10/08/2023,United States,By Race and Hispanic origin,Non-Hispanic Black,2020,9,12 month-ending,09/30/2020,271,
10/08/2023,United States,By Race and Hispanic origin,Non-Hispanic Black,2020,10,12 month-ending,10/31/2020,280,
10/08/2023,United States,By Race and Hispanic origin,Non-Hispanic Black,2020,11,12 month-ending,11/30/2020,278,
10/08/2023,United States,By Race and Hispanic origin,Non-Hispanic Black,2020,12,12 month-ending,12/31/2020,293,
10/08/2023,United States,By Race and Hispanic origin,Non-Hispanic Black,2021,1,12 month-ending,01/31/2021,294,
10/08/2023,United States,By Race and Hispanic origin,Non-Hispanic Black,2021,2,12 month-ending,02/28/2021,300,
10/08/2023,United States,By Race and Hispanic origin,Non-Hispanic Black,2021,3,12 month-ending,03/31/2021,299,
10/08/2023,United States,By Race and Hispanic origin,Non-Hispanic Black,2021,4,12 month-ending,04/30/2021,296,
10/08/2023,United States,By Race and Hispanic origin,Non-Hispanic Black,2021,5,12 month-ending,05/31/2021,298,
10/08/2023,United States,By Race and Hispanic origin,Non-Hispanic Black,2021,6,12 month-ending,06/30/2021,302,
10/08/2023,United States,By Race and Hispanic origin,Non-Hispanic Black,2021,7,12 month-ending,07/31/2021,307,
10/08/2023,United States,By Race and Hispanic origin,Non-Hispanic Black,2021,8,12 month-ending,08/31/2021,329,
10/08/2023,United States,By Race and Hispanic origin,Non-Hispanic Black,2021,9,12 month-ending,09/30/2021,355,
10/08/2023,United States,By Race and Hispanic origin,Non-Hispanic Black,2021,10,12 month-ending,10/31/2021,363,
10/08/2023,United States,By Race and Hispanic origin,Non-Hispanic Black,2021,11,12 month-ending,11/30/2021,359,
10/08/2023,United States,By Race and Hispanic origin,Non-Hispanic Black,2021,12,12 month-ending,12/31/2021,362,
10/08/2023,United States,By Race and Hispanic origin,Non-Hispanic Black,2022,1,12 month-ending,01/31/2022,374,
10/08/2023,United States,By Race and Hispanic origin,Non-Hispanic Black,2022,2,12 month-ending,02/28/2022,378,
10/08/2023,United States,By Race and Hispanic origin,Non-Hispanic Black,2022,3,12 month-ending,03/31/2022,365,
10/08/2023,United States,By Race and Hispanic origin,Non-Hispanic Black,2022,4,12 month-ending,04/30/2022,356,
10/08/2023,United States,By Race and Hispanic origin,Non-Hispanic Black,2022,5,12 month-ending,05/31/2022,346,
10/08/2023,United States,By Race and Hispanic origin,Non-Hispanic Black,2022,6,12 month-ending,06/30/2022,340,
10/08/2023,United States,By Race and Hispanic origin,Non-Hispanic Black,2022,7,12 month-ending,07/31/2022,332,
10/08/2023,United States,By Race and Hispanic origin,Non-Hispanic Black,2022,8,12 month-ending,08/31/2022,307,
10/08/2023,United States,By Race and Hispanic origin,Non-Hispanic Black,2022,9,12 month-ending,09/30/2022,275,
10/08/2023,United States,By Race and Hispanic origin,Non-Hispanic Black,2022,10,12 month-ending,10/31/2022,265,
10/08/2023,United States,By Race and Hispanic origin,Non-Hispanic Black,2022,11,12 month-ending,11/30/2022,270,
10/08/2023,United States,By Race and Hispanic origin,Non-Hispanic Black,2022,12,12 month-ending,12/31/2022,253,
10/08/2023,United States,By Race and Hispanic origin,Non-Hispanic Black,2023,1,12 month-ending,01/31/2023,244,
10/08/2023,United States,By Race and Hispanic origin,Non-Hispanic Black,2023,2,12 month-ending,02/28/2023,248,
10/08/2023,United States,By Race and Hispanic origin,Non-Hispanic Black,2023,3,12 month-ending,03/31/2023,266,
10/08/2023,United States,By Race and Hispanic origin,Non-Hispanic Black,2023,4,12 month-ending,04/30/2023,274,
10/08/2023,United States,By Race and Hispanic origin,Non-Hispanic Black,2023,5,12 month-ending,05/31/2023,266,
10/08/2023,United States,By Race and Hispanic origin,Non-Hispanic Black,2023,6,12 month-ending,06/30/2023,268,
10/08/2023,United States,By Race and Hispanic origin,Non-Hispanic Native Hawaiian or other Pacific Islander,2019,1,12 month-ending,01/31/2019,,Data counts between 1-9 have been suppressed in accordance with NCHS confidentiality standards.
10/08/2023,United States,By Race and Hispanic origin,Non-Hispanic Native Hawaiian or other Pacific Islander,2019,2,12 month-ending,02/28/2019,,Data counts between 1-9 have been suppressed in accordance with NCHS confidentiality standards.
10/08/2023,United States,By Race and Hispanic origin,Non-Hispanic Native Hawaiian or other Pacific Islander,2019,3,12 month-ending,03/31/2019,,Data counts between 1-9 have been suppressed in accordance with NCHS confidentiality standards.
10/08/2023,United States,By Race and Hispanic origin,Non-Hispanic Native Hawaiian or other Pacific Islander,2019,4,12 month-ending,04/30/2019,,Data counts between 1-9 have been suppressed in accordance with NCHS confidentiality standards.
10/08/2023,United States,By Race and Hispanic origin,Non-Hispanic Native Hawaiian or other Pacific Islander,2019,5,12 month-ending,05/31/2019,,Data counts between 1-9 have been suppressed in accordance with NCHS confidentiality standards.
10/08/2023,United States,By Race and Hispanic origin,Non-Hispanic Native Hawaiian or other Pacific Islander,2019,6,12 month-ending,06/30/2019,,Data counts between 1-9 have been suppressed in accordance with NCHS confidentiality standards.
10/08/2023,United States,By Race and Hispanic origin,Non-Hispanic Native Hawaiian or other Pacific Islander,2019,7,12 month-ending,07/31/2019,,Data counts between 1-9 have been suppressed in accordance with NCHS confidentiality standards.
10/08/2023,United States,By Race and Hispanic origin,Non-Hispanic Native Hawaiian or other Pacific Islander,2019,8,12 month-ending,08/31/2019,,Data counts between 1-9 have been suppressed in accordance with NCHS confidentiality standards.
10/08/2023,United States,By Race and Hispanic origin,Non-Hispanic Native Hawaiian or other Pacific Islander,2019,9,12 month-ending,09/30/2019,,Data counts between 1-9 have been suppressed in accordance with NCHS confidentiality standards.
10/08/2023,United States,By Race and Hispanic origin,Non-Hispanic Native Hawaiian or other Pacific Islander,2019,10,12 month-ending,10/31/2019,,Data counts between 1-9 have been suppressed in accordance with NCHS confidentiality standards.
10/08/2023,United States,By Race and Hispanic origin,Non-Hispanic Native Hawaiian or other Pacific Islander,2019,11,12 month-ending,11/30/2019,,Data counts between 1-9 have been suppressed in accordance with NCHS confidentiality standards.
10/08/2023,United States,By Race and Hispanic origin,Non-Hispanic Native Hawaiian or other Pacific Islander,2019,12,12 month-ending,12/31/2019,,Data counts between 1-9 have been suppressed in accordance with NCHS confidentiality standards.
10/08/2023,United States,By Race and Hispanic origin,Non-Hispanic Native Hawaiian or other Pacific Islander,2020,1,12 month-ending,01/31/2020,,Data counts between 1-9 have been suppressed in accordance with NCHS confidentiality standards.
10/08/2023,United States,By Race and Hispanic origin,Non-Hispanic Native Hawaiian or other Pacific Islander,2020,2,12 month-ending,02/29/2020,,Data counts between 1-9 have been suppressed in accordance with NCHS confidentiality standards.
10/08/2023,United States,By Race and Hispanic origin,Non-Hispanic Native Hawaiian or other Pacific Islander,2020,3,12 month-ending,03/31/2020,,Data counts between 1-9 have been suppressed in accordance with NCHS confidentiality standards.
10/08/2023,United States,By Race and Hispanic origin,Non-Hispanic Native Hawaiian or other Pacific Islander,2020,4,12 month-ending,04/30/2020,,Data counts between 1-9 have been suppressed in accordance with NCHS confidentiality standards.
10/08/2023,United States,By Race and Hispanic origin,Non-Hispanic Native Hawaiian or other Pacific Islander,2020,5,12 month-ending,05/31/2020,,Data counts between 1-9 have been suppressed in accordance with NCHS confidentiality standards.
10/08/2023,United States,By Race and Hispanic origin,Non-Hispanic Native Hawaiian or other Pacific Islander,2020,6,12 month-ending,06/30/2020,,Data counts between 1-9 have been suppressed in accordance with NCHS confidentiality standards.
10/08/2023,United States,By Race and Hispanic origin,Non-Hispanic Native Hawaiian or other Pacific Islander,2020,7,12 month-ending,07/31/2020,,Data counts between 1-9 have been suppressed in accordance with NCHS confidentiality standards.
10/08/2023,United States,By Race and Hispanic origin,Non-Hispanic Native Hawaiian or other Pacific Islander,2020,8,12 month-ending,08/31/2020,,Data counts between 1-9 have been suppressed in accordance with NCHS confidentiality standards.
10/08/2023,United States,By Race and Hispanic origin,Non-Hispanic Native Hawaiian or other Pacific Islander,2020,9,12 month-ending,09/30/2020,,Data counts between 1-9 have been suppressed in accordance with NCHS confidentiality standards.
10/08/2023,United States,By Race and Hispanic origin,Non-Hispanic Native Hawaiian or other Pacific Islander,2020,10,12 month-ending,10/31/2020,,Data counts between 1-9 have been suppressed in accordance with NCHS confidentiality standards.
10/08/2023,United States,By Race and Hispanic origin,Non-Hispanic Native Hawaiian or other Pacific Islander,2020,11,12 month-ending,11/30/2020,,Data counts between 1-9 have been suppressed in accordance with NCHS confidentiality standards.
10/08/2023,United States,By Race and Hispanic origin,Non-Hispanic Native Hawaiian or other Pacific Islander,2020,12,12 month-ending,12/31/2020,,Data counts between 1-9 have been suppressed in accordance with NCHS confidentiality standards.
10/08/2023,United States,By Race and Hispanic origin,Non-Hispanic Native Hawaiian or other Pacific Islander,2021,1,12 month-ending,01/31/2021,,Data counts between 1-9 have been suppressed in accordance with NCHS confidentiality standards.
10/08/2023,United States,By Race and Hispanic origin,Non-Hispanic Native Hawaiian or other Pacific Islander,2021,2,12 month-ending,02/28/2021,,Data counts between 1-9 have been suppressed in accordance with NCHS confidentiality standards.
10/08/2023,United States,By Race and Hispanic origin,Non-Hispanic Native Hawaiian or other Pacific Islander,2021,3,12 month-ending,03/31/2021,,Data counts between 1-9 have been suppressed in accordance with NCHS confidentiality standards.
10/08/2023,United States,By Race and Hispanic origin,Non-Hispanic Native Hawaiian or other Pacific Islander,2021,4,12 month-ending,04/30/2021,,Data counts between 1-9 have been suppressed in accordance with NCHS confidentiality standards.
10/08/2023,United States,By Race and Hispanic origin,Non-Hispanic Native Hawaiian or other Pacific Islander,2021,5,12 month-ending,05/31/2021,,Data counts between 1-9 have been suppressed in accordance with NCHS confidentiality standards.
10/08/2023,United States,By Race and Hispanic origin,Non-Hispanic Native Hawaiian or other Pacific Islander,2021,6,12 month-ending,06/30/2021,,Data counts between 1-9 have been suppressed in accordance with NCHS confidentiality standards.
10/08/2023,United States,By Race and Hispanic origin,Non-Hispanic Native Hawaiian or other Pacific Islander,2021,7,12 month-ending,07/31/2021,,Data counts between 1-9 have been suppressed in accordance with NCHS confidentiality standards.
10/08/2023,United States,By Race and Hispanic origin,Non-Hispanic Native Hawaiian or other Pacific Islander,2021,8,12 month-ending,08/31/2021,,Data counts between 1-9 have been suppressed in accordance with NCHS confidentiality standards.
10/08/2023,United States,By Race and Hispanic origin,Non-Hispanic Native Hawaiian or other Pacific Islander,2021,9,12 month-ending,09/30/2021,,Data counts between 1-9 have been suppressed in accordance with NCHS confidentiality standards.
10/08/2023,United States,By Race and Hispanic origin,Non-Hispanic Native Hawaiian or other Pacific Islander,2021,10,12 month-ending,10/31/2021,,Data counts between 1-9 have been suppressed in accordance with NCHS confidentiality standards.
10/08/2023,United States,By Race and Hispanic origin,Non-Hispanic Native Hawaiian or other Pacific Islander,2021,11,12 month-ending,11/30/2021,,Data counts between 1-9 have been suppressed in accordance with NCHS confidentiality standards.
10/08/2023,United States,By Race and Hispanic origin,Non-Hispanic Native Hawaiian or other Pacific Islander,2021,12,12 month-ending,12/31/2021,,Data counts between 1-9 have been suppressed in accordance with NCHS confidentiality standards.
10/08/2023,United States,By Race and Hispanic origin,Non-Hispanic Native Hawaiian or other Pacific Islander,2022,1,12 month-ending,01/31/2022,,Data counts between 1-9 have been suppressed in accordance with NCHS confidentiality standards.
10/08/2023,United States,By Race and Hispanic origin,Non-Hispanic Native Hawaiian or other Pacific Islander,2022,2,12 month-ending,02/28/2022,,Data counts between 1-9 have been suppressed in accordance with NCHS confidentiality standards.
10/08/2023,United States,By Race and Hispanic origin,Non-Hispanic Native Hawaiian or other Pacific Islander,2022,3,12 month-ending,03/31/2022,,Data counts between 1-9 have been suppressed in accordance with NCHS confidentiality standards.
10/08/2023,United States,By Race and Hispanic origin,Non-Hispanic Native Hawaiian or other Pacific Islander,2022,4,12 month-ending,04/30/2022,,Data counts between 1-9 have been suppressed in accordance with NCHS confidentiality standards.
10/08/2023,United States,By Race and Hispanic origin,Non-Hispanic Native Hawaiian or other Pacific Islander,2022,5,12 month-ending,05/31/2022,,Data counts between 1-9 have been suppressed in accordance with NCHS confidentiality standards.
10/08/2023,United States,By Race and Hispanic origin,Non-Hispanic Native Hawaiian or other Pacific Islander,2022,6,12 month-ending,06/30/2022,,Data counts between 1-9 have been suppressed in accordance with NCHS confidentiality standards.
10/08/2023,United States,By Race and Hispanic origin,Non-Hispanic Native Hawaiian or other Pacific Islander,2022,7,12 month-ending,07/31/2022,,Data counts between 1-9 have been suppressed in accordance with NCHS confidentiality standards.
10/08/2023,United States,By Race and Hispanic origin,Non-Hispanic Native Hawaiian or other Pacific Islander,2022,8,12 month-ending,08/31/2022,,Data counts between 1-9 have been suppressed in accordance with NCHS confidentiality standards.
10/08/2023,United States,By Race and Hispanic origin,Non-Hispanic Native Hawaiian or other Pacific Islander,2022,9,12 month-ending,09/30/2022,,Data counts between 1-9 have been suppressed in accordance with NCHS confidentiality standards.
10/08/2023,United States,By Race and Hispanic origin,Non-Hispanic Native Hawaiian or other Pacific Islander,2022,10,12 month-ending,10/31/2022,,Data counts between 1-9 have been suppressed in accordance with NCHS confidentiality standards.
10/08/2023,United States,By Race and Hispanic origin,Non-Hispanic Native Hawaiian or other Pacific Islander,2022,11,12 month-ending,11/30/2022,,Data counts between 1-9 have been suppressed in accordance with NCHS confidentiality standards.
10/08/2023,United States,By Race and Hispanic origin,Non-Hispanic Native Hawaiian or other Pacific Islander,2022,12,12 month-ending,12/31/2022,,Data counts between 1-9 have been suppressed in accordance with NCHS confidentiality standards.
10/08/2023,United States,By Race and Hispanic origin,Non-Hispanic Native Hawaiian or other Pacific Islander,2023,1,12 month-ending,01/31/2023,,Data counts between 1-9 have been suppressed in accordance with NCHS confidentiality standards.
10/08/2023,United States,By Race and Hispanic origin,Non-Hispanic Native Hawaiian or other Pacific Islander,2023,2,12 month-ending,02/28/2023,,Data counts between 1-9 have been suppressed in accordance with NCHS confidentiality standards.
10/08/2023,United States,By Race and Hispanic origin,Non-Hispanic Native Hawaiian or other Pacific Islander,2023,3,12 month-ending,03/31/2023,,Data counts between 1-9 have been suppressed in accordance with NCHS confidentiality standards.
10/08/2023,United States,By Race and Hispanic origin,Non-Hispanic Native Hawaiian or other Pacific Islander,2023,4,12 month-ending,04/30/2023,,Data counts between 1-9 have been suppressed in accordance with NCHS confidentiality standards.
10/08/2023,United States,By Race and Hispanic origin,Non-Hispanic Native Hawaiian or other Pacific Islander,2023,5,12 month-ending,05/31/2023,,Data counts between 1-9 have been suppressed in accordance with NCHS confidentiality standards.
10/08/2023,United States,By Race and Hispanic origin,Non-Hispanic Native Hawaiian or other Pacific Islander,2023,6,12 month-ending,06/30/2023,,Data counts between 1-9 have been suppressed in accordance with NCHS confidentiality standards.
10/08/2023,United States,By Race and Hispanic origin,Non-Hispanic White,2019,1,12 month-ending,01/31/2019,292,
10/08/2023,United States,By Race and Hispanic origin,Non-Hispanic White,2019,2,12 month-ending,02/28/2019,287,
10/08/2023,United States,By Race and Hispanic origin,Non-Hispanic White,2019,3,12 month-ending,03/31/2019,299,
10/08/2023,United States,By Race and Hispanic origin,Non-Hispanic White,2019,4,12 month-ending,04/30/2019,306,
10/08/2023,United States,By Race and Hispanic origin,Non-Hispanic White,2019,5,12 month-ending,05/31/2019,328,
10/08/2023,United States,By Race and Hispanic origin,Non-Hispanic White,2019,6,12 month-ending,06/30/2019,331,
10/08/2023,United States,By Race and Hispanic origin,Non-Hispanic White,2019,7,12 month-ending,07/31/2019,330,
10/08/2023,United States,By Race and Hispanic origin,Non-Hispanic White,2019,8,12 month-ending,08/31/2019,323,
10/08/2023,United States,By Race and Hispanic origin,Non-Hispanic White,2019,9,12 month-ending,09/30/2019,330,
10/08/2023,United States,By Race and Hispanic origin,Non-Hispanic White,2019,10,12 month-ending,10/31/2019,335,
10/08/2023,United States,By Race and Hispanic origin,Non-Hispanic White,2019,11,12 month-ending,11/30/2019,338,
10/08/2023,United States,By Race and Hispanic origin,Non-Hispanic White,2019,12,12 month-ending,12/31/2019,343,
10/08/2023,United States,By Race and Hispanic origin,Non-Hispanic White,2020,1,12 month-ending,01/31/2020,340,
10/08/2023,United States,By Race and Hispanic origin,Non-Hispanic White,2020,2,12 month-ending,02/29/2020,345,
10/08/2023,United States,By Race and Hispanic origin,Non-Hispanic White,2020,3,12 month-ending,03/31/2020,341,
10/08/2023,United States,By Race and Hispanic origin,Non-Hispanic White,2020,4,12 month-ending,04/30/2020,333,
10/08/2023,United States,By Race and Hispanic origin,Non-Hispanic White,2020,5,12 month-ending,05/31/2020,326,
10/08/2023,United States,By Race and Hispanic origin,Non-Hispanic White,2020,6,12 month-ending,06/30/2020,329,
10/08/2023,United States,By Race and Hispanic origin,Non-Hispanic White,2020,7,12 month-ending,07/31/2020,334,
10/08/2023,United States,By Race and Hispanic origin,Non-Hispanic White,2020,8,12 month-ending,08/31/2020,344,
10/08/2023,United States,By Race and Hispanic origin,Non-Hispanic White,2020,9,12 month-ending,09/30/2020,354,
10/08/2023,United States,By Race and Hispanic origin,Non-Hispanic White,2020,10,12 month-ending,10/31/2020,352,
10/08/2023,United States,By Race and Hispanic origin,Non-Hispanic White,2020,11,12 month-ending,11/30/2020,350,
10/08/2023,United States,By Race and Hispanic origin,Non-Hispanic White,2020,12,12 month-ending,12/31/2020,352,
10/08/2023,United States,By Race and Hispanic origin,Non-Hispanic White,2021,1,12 month-ending,01/31/2021,357,
10/08/2023,United States,By Race and Hispanic origin,Non-Hispanic White,2021,2,12 month-ending,02/28/2021,352,
10/08/2023,United States,By Race and Hispanic origin,Non-Hispanic White,2021,3,12 month-ending,03/31/2021,343,
10/08/2023,United States,By Race and Hispanic origin,Non-Hispanic White,2021,4,12 month-ending,04/30/2021,362,
10/08/2023,United States,By Race and Hispanic origin,Non-Hispanic White,2021,5,12 month-ending,05/31/2021,369,
10/08/2023,United States,By Race and Hispanic origin,Non-Hispanic White,2021,6,12 month-ending,06/30/2021,367,
10/08/2023,United States,By Race and Hispanic origin,Non-Hispanic White,2021,7,12 month-ending,07/31/2021,369,
10/08/2023,United States,By Race and Hispanic origin,Non-Hispanic White,2021,8,12 month-ending,08/31/2021,395,
10/08/2023,United States,By Race and Hispanic origin,Non-Hispanic White,2021,9,12 month-ending,09/30/2021,438,
10/08/2023,United States,By Race and Hispanic origin,Non-Hispanic White,2021,10,12 month-ending,10/31/2021,461,
10/08/2023,United States,By Race and Hispanic origin,Non-Hispanic White,2021,11,12 month-ending,11/30/2021,470,
10/08/2023,United States,By Race and Hispanic origin,Non-Hispanic White,2021,12,12 month-ending,12/31/2021,503,
10/08/2023,United States,By Race and Hispanic origin,Non-Hispanic White,2022,1,12 month-ending,01/31/2022,517,
10/08/2023,United States,By Race and Hispanic origin,Non-Hispanic White,2022,2,12 month-ending,02/28/2022,529,
10/08/2023,United States,By Race and Hispanic origin,Non-Hispanic White,2022,3,12 month-ending,03/31/2022,528,
10/08/2023,United States,By Race and Hispanic origin,Non-Hispanic White,2022,4,12 month-ending,04/30/2022,508,
10/08/2023,United States,By Race and Hispanic origin,Non-Hispanic White,2022,5,12 month-ending,05/31/2022,494,
10/08/2023,United States,By Race and Hispanic origin,Non-Hispanic White,2022,6,12 month-ending,06/30/2022,506,
10/08/2023,United States,By Race and Hispanic origin,Non-Hispanic White,2022,7,12 month-ending,07/31/2022,504,
10/08/2023,United States,By Race and Hispanic origin,Non-Hispanic White,2022,8,12 month-ending,08/31/2022,468,
10/08/2023,United States,By Race and Hispanic origin,Non-Hispanic White,2022,9,12 month-ending,09/30/2022,411,
10/08/2023,United States,By Race and Hispanic origin,Non-Hispanic White,2022,10,12 month-ending,10/31/2022,392,
10/08/2023,United States,By Race and Hispanic origin,Non-Hispanic White,2022,11,12 month-ending,11/30/2022,380,
10/08/2023,United States,By Race and Hispanic origin,Non-Hispanic White,2022,12,12 month-ending,12/31/2022,350,
10/08/2023,United States,By Race and Hispanic origin,Non-Hispanic White,2023,1,12 month-ending,01/31/2023,333,
10/08/2023,United States,By Race and Hispanic origin,Non-Hispanic White,2023,2,12 month-ending,02/28/2023,325,
10/08/2023,United States,By Race and Hispanic origin,Non-Hispanic White,2023,3,12 month-ending,03/31/2023,321,
10/08/2023,United States,By Race and Hispanic origin,Non-Hispanic White,2023,4,12 month-ending,04/30/2023,319,
10/08/2023,United States,By Race and Hispanic origin,Non-Hispanic White,2023,5,12 month-ending,05/31/2023,319,
10/08/2023,United States,By Race and Hispanic origin,Non-Hispanic White,2023,6,12 month-ending,06/30/2023,311,
